Legacy_ID,Enquiry_Date,Student_Name,Phone,Email,City,State,Interested_Course,Lead_Source,Counsellor_Name,Counsellor_Phone,Old_Status,CRM_Status,Follow_Up_Date,Priority,Data_Quality_Flag,Remarks,Password,Campus_Preference,Intake_Session,Mode_of_Study,Tenth_Percentage,Twelfth_Percentage,Graduation_Percentage,Eligibility_Status,Eligibility_Criteria,Father_Name,Mother_Name,Category,Nationality,Address,Pincode,student_id,admission_number,full_name,course,semester,email,phone,attendance,fee_status,counselor_assigned,counselor_id,erp_manager,erp_id,finance_officer,finance_id,admission_status,last_updated,id
OLD0000001,02-01-2024,Vivaan Agarwal,7000000001,vivaan.agarwal1@example.edu,Kolkata,West Bengal,B.Com,WhatsApp,Sourav Das,7000529600,LOST,Lost,04-01-2024,Urgent,Clean,Migration sample record,password123,,,,,,,,,,,,,,,OLD0000001,OLD0000001,Vivaan Agarwal,B.Com,1,vivaan.agarwal1@example.edu,7000000001,0,pending,Priya Singh,C001,,,,,Lost,2026-06-02T10:08:41.309Z,OLD0000001
OLD0000002,03-01-2024,Aditya Nair,7000000002,aditya.nair2@example.edu,Bengaluru,Karnataka,B.Tech CSE,Phone Call,Priya Nair,7000529601,APP_STARTED,Application Started,06-01-2024,High,Clean,Call back requested,password123,,,,,,,,,,,,,,,OLD0000002,OLD0000002,Aditya Nair,B.Tech CSE,1,aditya.nair2@example.edu,7000000002,0,pending,Priya Nair,,,,,,Application Started,2026-06-02T10:03:52.872Z,OLD0000002
OLD0000003,04-01-2024,Vihaan Gupta,7000000003,vihaan.gupta3@example.edu,Jaipur,Rajasthan,B.Com,Education Fair,Rakesh Kumar,7000529602,CONTACTED,Contacted,08-01-2024,Medium,Clean,Documents pending,password123,,,,,,,,,,,,,,,OLD0000003,OLD0000003,Vihaan Gupta,B.Com,1,vihaan.gupta3@example.edu,7000000003,0,pending,Rakesh Kumar,,,,,,Contacted,2026-06-02T10:03:52.872Z,OLD0000003
OLD0000004,05-01-2024,Arjun Das,7000000004,arjun.das4@example.edu,Delhi,Delhi,B.Tech CSE,Walk-in,Neha Gupta,7000529603,NOT_INTERESTED,Lost,10-01-2024,Low,Clean,Considering other universities,password123,,,,,,,,,,,,,,,OLD0000004,OLD0000004,Arjun Das,B.Tech CSE,1,arjun.das4@example.edu,7000000004,0,pending,Neha Gupta,,,,,,Lost,2026-06-02T10:03:52.872Z,OLD0000004
OLD0000005,06-01-2024,Sai Mehta,7000000005,sai.mehta5@example.edu,Kolkata,West Bengal,B.Com,Instagram,Rohit Verma,7000529604,DOCUMENT_PENDING,Application Started,12-01-2024,Urgent,Clean,Asked for hostel details,password123,,,,,,,,,,,,,,,OLD0000005,OLD0000005,Sai Mehta,B.Com,1,sai.mehta5@example.edu,7000000005,0,pending,Rohit Verma,,,,,,Application Started,2026-06-02T10:03:52.872Z,OLD0000005
OLD0000006,07-01-2024,Reyansh Yadav,7000000006,reyansh.yadav6@example.edu,Bengaluru,Karnataka,B.Tech CSE,Facebook,Kavita Mehta,7000529605,WARM,Interested,14-01-2024,High,Clean,Requested campus visit,password123,,,,,,,,,,,,,,,OLD0000006,OLD0000006,Reyansh Yadav,B.Tech CSE,1,reyansh.yadav6@example.edu,7000000006,0,pending,Kavita Mehta,,,,,,Interested,2026-06-02T10:03:52.872Z,OLD0000006
OLD0000007,08-01-2024,Ayaan Reddy,7000000007,ayaan.reddy7@example.edu,Jaipur,Rajasthan,B.Com,LinkedIn,Amit Sharma,7000529606,DUPLICATE,Duplicate,16-01-2024,Medium,Clean,Follow-up after entrance result,password123,,,,,,,,,,,,,,,OLD0000007,OLD0000007,Ayaan Reddy,B.Com,1,ayaan.reddy7@example.edu,7000000007,0,pending,Amit Sharma,,,,,,Duplicate,2026-06-02T10:03:52.872Z,OLD0000007
OLD0000008,09-01-2024,Krishna Singh,7000000008,krishna.singh8@example.edu,Delhi,Delhi,B.Tech CSE,School Visit,Anjali Singh,7000529607,ADMITTED,Admission Confirmed,18-01-2024,Low,Clean,Needs parent discussion,password123,,,,,,,,,,,,,,,OLD0000008,OLD0000008,Krishna Singh,B.Tech CSE,1,krishna.singh8@example.edu,7000000008,0,pending,Anjali Singh,,,,,,Admission Confirmed,2026-06-02T10:03:52.872Z,OLD0000008
OLD0000009,10-01-2024,Ishaan Roy,7000000009,ishaan.roy9@example.edu,Kolkata,West Bengal,B.Com,Referral,Sourav Das,7000529608,HOT,Interested,20-01-2024,Urgent,Clean,Asked for scholarship details,password123,,,,,,,,,,,,,,,OLD0000009,OLD0000009,Ishaan Roy,B.Com,1,ishaan.roy9@example.edu,7000000009,0,pending,Sourav Das,,,,,,Interested,2026-06-02T10:03:52.872Z,OLD0000009
OLD0000010,11-01-2024,Anika Patel,7000000010,anika.patel10@example.edu,Bengaluru,Karnataka,B.Tech CSE,Website,Priya Nair,7000529609,NEW,New,22-01-2024,High,Clean,Interested in fee structure,password123,,,,,,,,,,,,,,,OLD0000010,OLD0000010,Anika Patel,B.Tech CSE,1,anika.patel10@example.edu,7000000010,0,pending,Priya Nair,,,,,,New,2026-06-02T10:03:52.872Z,OLD0000010
OLD0000011,12-01-2024,Aadhya Mishra,7000000011,aadhya.mishra11@example.edu,Jaipur,Rajasthan,B.Com,WhatsApp,Rakesh Kumar,7000529610,LOST,Lost,24-01-2024,Medium,Clean,Migration sample record,password123,,,,,,,,,,,,,,,OLD0000011,OLD0000011,Aadhya Mishra,B.Com,1,aadhya.mishra11@example.edu,7000000011,0,pending,Rakesh Kumar,,,,,,Lost,2026-06-02T10:03:52.873Z,OLD0000011
OLD0000012,13-01-2024,Diya Dutta,7000000012,diya.dutta12@example.edu,Delhi,Delhi,B.Tech CSE,Phone Call,Neha Gupta,7000529611,APP_STARTED,Application Started,26-01-2024,Low,Clean,Call back requested,password123,,,,,,,,,,,,,,,OLD0000012,OLD0000012,Diya Dutta,B.Tech CSE,1,diya.dutta12@example.edu,7000000012,0,pending,Neha Gupta,,,,,,Application Started,2026-06-02T10:03:52.873Z,OLD0000012
OLD0000013,14-01-2024,Myra Verma,7000000013,myra.verma13@example.edu,Kolkata,West Bengal,B.Com,Education Fair,Rohit Verma,7000529612,CONTACTED,Contacted,28-01-2024,Urgent,Clean,Documents pending,password123,,,,,,,,,,,,,,,OLD0000013,OLD0000013,Myra Verma,B.Com,1,myra.verma13@example.edu,7000000013,0,pending,Rohit Verma,,,,,,Contacted,2026-06-02T10:03:52.873Z,OLD0000013
OLD0000014,15-01-2024,Ananya Jain,7000000014,ananya.jain14@example.edu,Bengaluru,Karnataka,B.Tech CSE,Walk-in,Kavita Mehta,7000529613,NOT_INTERESTED,Lost,30-01-2024,High,Clean,Considering other universities,password123,,,,,,,,,,,,,,,OLD0000014,OLD0000014,Ananya Jain,B.Tech CSE,1,ananya.jain14@example.edu,7000000014,0,pending,Kavita Mehta,,,,,,Lost,2026-06-02T10:03:52.873Z,OLD0000014
OLD0000015,16-01-2024,Ira Khan,7000000015,ira.khan15@example.edu,Jaipur,Rajasthan,B.Com,Instagram,Amit Sharma,7000529614,DOCUMENT_PENDING,Application Started,01-02-2024,Medium,Clean,Asked for hostel details,password123,,,,,,,,,,,,,,,OLD0000015,OLD0000015,Ira Khan,B.Com,1,ira.khan15@example.edu,7000000015,0,pending,Amit Sharma,,,,,,Application Started,2026-06-02T10:03:52.873Z,OLD0000015
OLD0000016,17-01-2024,Kiara Kumar,7000000016,kiara.kumar16@example.edu,Delhi,Delhi,B.Tech CSE,Facebook,Anjali Singh,7000529615,WARM,Interested,03-02-2024,Low,Clean,Requested campus visit,password123,,,,,,,,,,,,,,,OLD0000016,OLD0000016,Kiara Kumar,B.Tech CSE,1,kiara.kumar16@example.edu,7000000016,0,pending,Anjali Singh,,,,,,Interested,2026-06-02T10:03:52.873Z,OLD0000016
OLD0000017,18-01-2024,Sara Sen,7000000017,sara.sen17@example.edu,Kolkata,West Bengal,B.Com,LinkedIn,Sourav Das,7000529616,DUPLICATE,Duplicate,05-02-2024,Urgent,Clean,Follow-up after entrance result,password123,,,,,,,,,,,,,,,OLD0000017,OLD0000017,Sara Sen,B.Com,1,sara.sen17@example.edu,7000000017,0,pending,Sourav Das,,,,,,Duplicate,2026-06-02T10:03:52.873Z,OLD0000017
OLD0000018,19-01-2024,Meera Sharma,7000000018,meera.sharma18@example.edu,Bengaluru,Karnataka,B.Tech CSE,School Visit,Priya Nair,7000529617,ADMITTED,Admission Confirmed,07-02-2024,High,Clean,Needs parent discussion,password123,,,,,,,,,,,,,,,OLD0000018,OLD0000018,Meera Sharma,B.Tech CSE,1,meera.sharma18@example.edu,7000000018,0,pending,Priya Nair,,,,,,Admission Confirmed,2026-06-02T10:03:52.873Z,OLD0000018
OLD0000019,20-01-2024,Riya Agarwal,7000000019,riya.agarwal19@example.edu,Jaipur,Rajasthan,B.Com,Referral,Rakesh Kumar,7000529618,HOT,Interested,09-02-2024,Medium,Clean,Asked for scholarship details,password123,,,,,,,,,,,,,,,OLD0000019,OLD0000019,Riya Agarwal,B.Com,1,riya.agarwal19@example.edu,7000000019,0,pending,Rakesh Kumar,,,,,,Interested,2026-06-02T10:03:52.874Z,OLD0000019
OLD0000020,21-01-2024,Aarav Nair,7000000020,aarav.nair20@example.edu,Delhi,Delhi,B.Tech CSE,Website,Neha Gupta,7000529619,NEW,New,11-02-2024,Low,Clean,Interested in fee structure,password123,,,,,,,,,,,,,,,OLD0000020,OLD0000020,Aarav Nair,B.Tech CSE,1,aarav.nair20@example.edu,7000000020,0,pending,Neha Gupta,,,,,,New,2026-06-02T10:03:52.874Z,OLD0000020
OLD0000021,22-01-2024,Vivaan Gupta,7000000021,vivaan.gupta21@example.edu,Kolkata,West Bengal,B.Com,WhatsApp,Rohit Verma,7000529620,LOST,Lost,23-01-2024,Urgent,Clean,Migration sample record,password123,,,,,,,,,,,,,,,OLD0000021,OLD0000021,Vivaan Gupta,B.Com,1,vivaan.gupta21@example.edu,7000000021,0,pending,Rohit Verma,,,,,,Lost,2026-06-02T10:03:52.874Z,OLD0000021
OLD0000022,23-01-2024,Aditya Das,7000000022,aditya.das22@example.edu,Bengaluru,Karnataka,B.Tech CSE,Phone Call,Kavita Mehta,7000529621,APP_STARTED,Application Started,25-01-2024,High,Clean,Call back requested,password123,,,,,,,,,,,,,,,OLD0000022,OLD0000022,Aditya Das,B.Tech CSE,1,aditya.das22@example.edu,7000000022,0,pending,Kavita Mehta,,,,,,Application Started,2026-06-02T10:03:52.874Z,OLD0000022
OLD0000023,24-01-2024,Vihaan Mehta,7000000023,vihaan.mehta23@example.edu,Jaipur,Rajasthan,B.Com,Education Fair,Amit Sharma,7000529622,CONTACTED,Contacted,27-01-2024,Medium,Clean,Documents pending,password123,,,,,,,,,,,,,,,OLD0000023,OLD0000023,Vihaan Mehta,B.Com,1,vihaan.mehta23@example.edu,7000000023,0,pending,Amit Sharma,,,,,,Contacted,2026-06-02T10:03:52.874Z,OLD0000023
OLD0000024,25-01-2024,Arjun Yadav,7000000024,arjun.yadav24@example.edu,Delhi,Delhi,B.Tech CSE,Walk-in,Anjali Singh,7000529623,NOT_INTERESTED,Lost,29-01-2024,Low,Clean,Considering other universities,password123,,,,,,,,,,,,,,,OLD0000024,OLD0000024,Arjun Yadav,B.Tech CSE,1,arjun.yadav24@example.edu,7000000024,0,pending,Anjali Singh,,,,,,Lost,2026-06-02T10:03:52.874Z,OLD0000024
OLD0000025,26-01-2024,Sai Reddy,7000000025,sai.reddy25@example.edu,Kolkata,West Bengal,B.Com,Instagram,Sourav Das,7000529624,DOCUMENT_PENDING,Application Started,31-01-2024,Urgent,Clean,Asked for hostel details,password123,,,,,,,,,,,,,,,OLD0000025,OLD0000025,Sai Reddy,B.Com,1,sai.reddy25@example.edu,7000000025,0,pending,Sourav Das,,,,,,Application Started,2026-06-02T10:03:52.874Z,OLD0000025
OLD0000026,27-01-2024,Reyansh Singh,7000000026,reyansh.singh26@example.edu,Bengaluru,Karnataka,B.Tech CSE,Facebook,Priya Nair,7000529625,WARM,Interested,02-02-2024,High,Clean,Requested campus visit,password123,,,,,,,,,,,,,,,OLD0000026,OLD0000026,Reyansh Singh,B.Tech CSE,1,reyansh.singh26@example.edu,7000000026,0,pending,Priya Nair,,,,,,Interested,2026-06-02T10:03:52.874Z,OLD0000026
OLD0000027,28-01-2024,Ayaan Roy,7000000027,ayaan.roy27@example.edu,Jaipur,Rajasthan,B.Com,LinkedIn,Rakesh Kumar,7000529626,DUPLICATE,Duplicate,04-02-2024,Medium,Clean,Follow-up after entrance result,password123,,,,,,,,,,,,,,,OLD0000027,OLD0000027,Ayaan Roy,B.Com,1,ayaan.roy27@example.edu,7000000027,0,pending,Rakesh Kumar,,,,,,Duplicate,2026-06-02T10:03:52.874Z,OLD0000027
OLD0000028,29-01-2024,Krishna Patel,7000000028,krishna.patel28@example.edu,Delhi,Delhi,B.Tech CSE,School Visit,Neha Gupta,7000529627,ADMITTED,Admission Confirmed,06-02-2024,Low,Clean,Needs parent discussion,password123,,,,,,,,,,,,,,,OLD0000028,OLD0000028,Krishna Patel,B.Tech CSE,1,krishna.patel28@example.edu,7000000028,0,pending,Neha Gupta,,,,,,Admission Confirmed,2026-06-02T10:03:52.874Z,OLD0000028
OLD0000029,30-01-2024,Ishaan Mishra,7000000029,ishaan.mishra29@example.edu,Kolkata,West Bengal,B.Com,Referral,Rohit Verma,7000529628,HOT,Interested,08-02-2024,Urgent,Clean,Asked for scholarship details,password123,,,,,,,,,,,,,,,OLD0000029,OLD0000029,Ishaan Mishra,B.Com,1,ishaan.mishra29@example.edu,7000000029,0,pending,Rohit Verma,,,,,,Interested,2026-06-02T10:03:52.874Z,OLD0000029
OLD0000030,31-01-2024,Anika Dutta,7000000030,anika.dutta30@example.edu,Bengaluru,Karnataka,B.Tech CSE,Website,Kavita Mehta,7000529629,NEW,New,10-02-2024,High,Clean,Interested in fee structure,password123,,,,,,,,,,,,,,,OLD0000030,OLD0000030,Anika Dutta,B.Tech CSE,1,anika.dutta30@example.edu,7000000030,0,pending,Kavita Mehta,,,,,,New,2026-06-02T10:03:52.874Z,OLD0000030
OLD0000031,01-02-2024,Aadhya Verma,7000000031,aadhya.verma31@example.edu,Jaipur,Rajasthan,B.Com,WhatsApp,Amit Sharma,7000529630,LOST,Lost,12-02-2024,Medium,Clean,Migration sample record,password123,,,,,,,,,,,,,,,OLD0000031,OLD0000031,Aadhya Verma,B.Com,1,aadhya.verma31@example.edu,7000000031,0,pending,Amit Sharma,,,,,,Lost,2026-06-02T10:03:52.874Z,OLD0000031
OLD0000032,02-02-2024,Diya Jain,7000000032,diya.jain32@example.edu,Delhi,Delhi,B.Tech CSE,Phone Call,Anjali Singh,7000529631,APP_STARTED,Application Started,14-02-2024,Low,Clean,Call back requested,password123,,,,,,,,,,,,,,,OLD0000032,OLD0000032,Diya Jain,B.Tech CSE,1,diya.jain32@example.edu,7000000032,0,pending,Anjali Singh,,,,,,Application Started,2026-06-02T10:03:52.874Z,OLD0000032
OLD0000033,03-02-2024,Myra Khan,7000000033,myra.khan33@example.edu,Kolkata,West Bengal,B.Com,Education Fair,Sourav Das,7000529632,CONTACTED,Contacted,16-02-2024,Urgent,Clean,Documents pending,password123,,,,,,,,,,,,,,,OLD0000033,OLD0000033,Myra Khan,B.Com,1,myra.khan33@example.edu,7000000033,0,pending,Sourav Das,,,,,,Contacted,2026-06-02T10:03:52.874Z,OLD0000033
OLD0000034,04-02-2024,Ananya Kumar,7000000034,ananya.kumar34@example.edu,Bengaluru,Karnataka,B.Tech CSE,Walk-in,Priya Nair,7000529633,NOT_INTERESTED,Lost,18-02-2024,High,Clean,Considering other universities,password123,,,,,,,,,,,,,,,OLD0000034,OLD0000034,Ananya Kumar,B.Tech CSE,1,ananya.kumar34@example.edu,7000000034,0,pending,Priya Nair,,,,,,Lost,2026-06-02T10:03:52.874Z,OLD0000034
OLD0000035,05-02-2024,Ira Sen,7000000035,ira.sen35@example.edu,Jaipur,Rajasthan,B.Com,Instagram,Rakesh Kumar,7000529634,DOCUMENT_PENDING,Application Started,20-02-2024,Medium,Clean,Asked for hostel details,password123,,,,,,,,,,,,,,,OLD0000035,OLD0000035,Ira Sen,B.Com,1,ira.sen35@example.edu,7000000035,0,pending,Rakesh Kumar,,,,,,Application Started,2026-06-02T10:03:52.874Z,OLD0000035
OLD0000036,06-02-2024,Kiara Sharma,7000000036,kiara.sharma36@example.edu,Delhi,Delhi,B.Tech CSE,Facebook,Neha Gupta,7000529635,WARM,Interested,22-02-2024,Low,Clean,Requested campus visit,password123,,,,,,,,,,,,,,,OLD0000036,OLD0000036,Kiara Sharma,B.Tech CSE,1,kiara.sharma36@example.edu,7000000036,0,pending,Neha Gupta,,,,,,Interested,2026-06-02T10:03:52.874Z,OLD0000036
OLD0000037,07-02-2024,Sara Agarwal,7000000037,sara.agarwal37@example.edu,Kolkata,West Bengal,B.Com,LinkedIn,Rohit Verma,7000529636,DUPLICATE,Duplicate,24-02-2024,Urgent,Clean,Follow-up after entrance result,password123,,,,,,,,,,,,,,,OLD0000037,OLD0000037,Sara Agarwal,B.Com,1,sara.agarwal37@example.edu,7000000037,0,pending,Rohit Verma,,,,,,Duplicate,2026-06-02T10:03:52.874Z,OLD0000037
OLD0000038,08-02-2024,Meera Nair,7000000038,meera.nair38@example.edu,Bengaluru,Karnataka,B.Tech CSE,School Visit,Kavita Mehta,7000529637,ADMITTED,Admission Confirmed,26-02-2024,High,Clean,Needs parent discussion,password123,,,,,,,,,,,,,,,OLD0000038,OLD0000038,Meera Nair,B.Tech CSE,1,meera.nair38@example.edu,7000000038,0,pending,Kavita Mehta,,,,,,Admission Confirmed,2026-06-02T10:03:52.874Z,OLD0000038
OLD0000039,09-02-2024,Riya Gupta,7000000039,riya.gupta39@example.edu,Jaipur,Rajasthan,B.Com,Referral,Amit Sharma,7000529638,HOT,Interested,28-02-2024,Medium,Clean,Asked for scholarship details,password123,,,,,,,,,,,,,,,OLD0000039,OLD0000039,Riya Gupta,B.Com,1,riya.gupta39@example.edu,7000000039,0,pending,Amit Sharma,,,,,,Interested,2026-06-02T10:03:52.874Z,OLD0000039
OLD0000040,10-02-2024,Aarav Das,7000000040,aarav.das40@example.edu,Delhi,Delhi,B.Tech CSE,Website,Anjali Singh,7000529639,NEW,New,01-03-2024,Low,Clean,Interested in fee structure,password123,,,,,,,,,,,,,,,OLD0000040,OLD0000040,Aarav Das,B.Tech CSE,1,aarav.das40@example.edu,7000000040,0,pending,Anjali Singh,,,,,,New,2026-06-02T10:03:52.874Z,OLD0000040
OLD0000041,11-02-2024,Vivaan Mehta,7000000041,vivaan.mehta41@example.edu,Kolkata,West Bengal,B.Com,WhatsApp,Sourav Das,7000529640,LOST,Lost,03-03-2024,Urgent,Clean,Migration sample record,password123,,,,,,,,,,,,,,,OLD0000041,OLD0000041,Vivaan Mehta,B.Com,1,vivaan.mehta41@example.edu,7000000041,0,pending,Sourav Das,,,,,,Lost,2026-06-02T10:03:52.874Z,OLD0000041
OLD0000042,12-02-2024,Aditya Yadav,7000000042,aditya.yadav42@example.edu,Bengaluru,Karnataka,B.Tech CSE,Phone Call,Priya Nair,7000529641,APP_STARTED,Application Started,13-02-2024,High,Clean,Call back requested,password123,,,,,,,,,,,,,,,OLD0000042,OLD0000042,Aditya Yadav,B.Tech CSE,1,aditya.yadav42@example.edu,7000000042,0,pending,Priya Nair,,,,,,Application Started,2026-06-02T10:03:52.874Z,OLD0000042
OLD0000043,13-02-2024,Vihaan Reddy,7000000043,vihaan.reddy43@example.edu,Jaipur,Rajasthan,B.Com,Education Fair,Rakesh Kumar,7000529642,CONTACTED,Contacted,15-02-2024,Medium,Clean,Documents pending,password123,,,,,,,,,,,,,,,OLD0000043,OLD0000043,Vihaan Reddy,B.Com,1,vihaan.reddy43@example.edu,7000000043,0,pending,Rakesh Kumar,,,,,,Contacted,2026-06-02T10:03:52.874Z,OLD0000043
OLD0000044,14-02-2024,Arjun Singh,7000000044,arjun.singh44@example.edu,Delhi,Delhi,B.Tech CSE,Walk-in,Neha Gupta,7000529643,NOT_INTERESTED,Lost,17-02-2024,Low,Clean,Considering other universities,password123,,,,,,,,,,,,,,,OLD0000044,OLD0000044,Arjun Singh,B.Tech CSE,1,arjun.singh44@example.edu,7000000044,0,pending,Neha Gupta,,,,,,Lost,2026-06-02T10:03:52.874Z,OLD0000044
OLD0000045,15-02-2024,Sai Roy,7000000045,sai.roy45@example.edu,Kolkata,West Bengal,B.Com,Instagram,Rohit Verma,7000529644,DOCUMENT_PENDING,Application Started,19-02-2024,Urgent,Clean,Asked for hostel details,password123,,,,,,,,,,,,,,,OLD0000045,OLD0000045,Sai Roy,B.Com,1,sai.roy45@example.edu,7000000045,0,pending,Rohit Verma,,,,,,Application Started,2026-06-02T10:03:52.875Z,OLD0000045
OLD0000046,16-02-2024,Reyansh Patel,7000000046,reyansh.patel46@example.edu,Bengaluru,Karnataka,B.Tech CSE,Facebook,Kavita Mehta,7000529645,WARM,Interested,21-02-2024,High,Clean,Requested campus visit,password123,,,,,,,,,,,,,,,OLD0000046,OLD0000046,Reyansh Patel,B.Tech CSE,1,reyansh.patel46@example.edu,7000000046,0,pending,Kavita Mehta,,,,,,Interested,2026-06-02T10:03:52.875Z,OLD0000046
OLD0000047,17-02-2024,Ayaan Mishra,7000000047,ayaan.mishra47@example.edu,Jaipur,Rajasthan,B.Com,LinkedIn,Amit Sharma,7000529646,DUPLICATE,Duplicate,23-02-2024,Medium,Clean,Follow-up after entrance result,password123,,,,,,,,,,,,,,,OLD0000047,OLD0000047,Ayaan Mishra,B.Com,1,ayaan.mishra47@example.edu,7000000047,0,pending,Amit Sharma,,,,,,Duplicate,2026-06-02T10:03:52.875Z,OLD0000047
OLD0000048,18-02-2024,Krishna Dutta,7000000048,krishna.dutta48@example.edu,Delhi,Delhi,B.Tech CSE,School Visit,Anjali Singh,7000529647,ADMITTED,Admission Confirmed,25-02-2024,Low,Clean,Needs parent discussion,password123,,,,,,,,,,,,,,,OLD0000048,OLD0000048,Krishna Dutta,B.Tech CSE,1,krishna.dutta48@example.edu,7000000048,0,pending,Anjali Singh,,,,,,Admission Confirmed,2026-06-02T10:03:52.875Z,OLD0000048
OLD0000049,19-02-2024,Ishaan Verma,7000000049,ishaan.verma49@example.edu,Kolkata,West Bengal,B.Com,Referral,Sourav Das,7000529648,HOT,Interested,27-02-2024,Urgent,Clean,Asked for scholarship details,password123,,,,,,,,,,,,,,,OLD0000049,OLD0000049,Ishaan Verma,B.Com,1,ishaan.verma49@example.edu,7000000049,0,pending,Sourav Das,,,,,,Interested,2026-06-02T10:03:52.875Z,OLD0000049
OLD0000050,20-02-2024,Anika Jain,7000000050,anika.jain50@example.edu,Bengaluru,Karnataka,B.Tech CSE,Website,Priya Nair,7000529649,NEW,New,29-02-2024,High,Clean,Interested in fee structure,password123,,,,,,,,,,,,,,,OLD0000050,OLD0000050,Anika Jain,B.Tech CSE,1,anika.jain50@example.edu,7000000050,0,pending,Priya Nair,,,,,,New,2026-06-02T10:03:52.875Z,OLD0000050
OLD0000051,21-02-2024,Aadhya Khan,7000000051,aadhya.khan51@example.edu,Jaipur,Rajasthan,B.Com,WhatsApp,Rakesh Kumar,7000529650,LOST,Lost,02-03-2024,Medium,Clean,Migration sample record,password123,,,,,,,,,,,,,,,OLD0000051,OLD0000051,Aadhya Khan,B.Com,1,aadhya.khan51@example.edu,7000000051,0,pending,Rakesh Kumar,,,,,,Lost,2026-06-02T10:03:52.875Z,OLD0000051
OLD0000052,22-02-2024,Diya Kumar,7000000052,diya.kumar52@example.edu,Delhi,Delhi,B.Tech CSE,Phone Call,Neha Gupta,7000529651,APP_STARTED,Application Started,04-03-2024,Low,Clean,Call back requested,password123,,,,,,,,,,,,,,,OLD0000052,OLD0000052,Diya Kumar,B.Tech CSE,1,diya.kumar52@example.edu,7000000052,0,pending,Neha Gupta,,,,,,Application Started,2026-06-02T10:03:52.875Z,OLD0000052
OLD0000053,23-02-2024,Myra Sen,7000000053,myra.sen53@example.edu,Kolkata,West Bengal,B.Com,Education Fair,Rohit Verma,7000529652,CONTACTED,Contacted,06-03-2024,Urgent,Clean,Documents pending,password123,,,,,,,,,,,,,,,OLD0000053,OLD0000053,Myra Sen,B.Com,1,myra.sen53@example.edu,7000000053,0,pending,Rohit Verma,,,,,,Contacted,2026-06-02T10:03:52.875Z,OLD0000053
OLD0000054,24-02-2024,Ananya Sharma,7000000054,ananya.sharma54@example.edu,Bengaluru,Karnataka,B.Tech CSE,Walk-in,Kavita Mehta,7000529653,NOT_INTERESTED,Lost,08-03-2024,High,Clean,Considering other universities,password123,,,,,,,,,,,,,,,OLD0000054,OLD0000054,Ananya Sharma,B.Tech CSE,1,ananya.sharma54@example.edu,7000000054,0,pending,Kavita Mehta,,,,,,Lost,2026-06-02T10:03:52.875Z,OLD0000054
OLD0000055,25-02-2024,Ira Agarwal,7000000055,ira.agarwal55@example.edu,Jaipur,Rajasthan,B.Com,Instagram,Amit Sharma,7000529654,DOCUMENT_PENDING,Application Started,10-03-2024,Medium,Clean,Asked for hostel details,password123,,,,,,,,,,,,,,,OLD0000055,OLD0000055,Ira Agarwal,B.Com,1,ira.agarwal55@example.edu,7000000055,0,pending,Amit Sharma,,,,,,Application Started,2026-06-02T10:03:52.875Z,OLD0000055
OLD0000056,26-02-2024,Kiara Nair,7000000056,kiara.nair56@example.edu,Delhi,Delhi,B.Tech CSE,Facebook,Anjali Singh,7000529655,WARM,Interested,12-03-2024,Low,Clean,Requested campus visit,password123,,,,,,,,,,,,,,,OLD0000056,OLD0000056,Kiara Nair,B.Tech CSE,1,kiara.nair56@example.edu,7000000056,0,pending,Anjali Singh,,,,,,Interested,2026-06-02T10:03:52.875Z,OLD0000056
OLD0000057,27-02-2024,Sara Gupta,7000000057,sara.gupta57@example.edu,Kolkata,West Bengal,B.Com,LinkedIn,Sourav Das,7000529656,DUPLICATE,Duplicate,14-03-2024,Urgent,Clean,Follow-up after entrance result,password123,,,,,,,,,,,,,,,OLD0000057,OLD0000057,Sara Gupta,B.Com,1,sara.gupta57@example.edu,7000000057,0,pending,Sourav Das,,,,,,Duplicate,2026-06-02T10:03:52.875Z,OLD0000057
OLD0000058,28-02-2024,Meera Das,7000000058,meera.das58@example.edu,Bengaluru,Karnataka,B.Tech CSE,School Visit,Priya Nair,7000529657,ADMITTED,Admission Confirmed,16-03-2024,High,Clean,Needs parent discussion,password123,,,,,,,,,,,,,,,OLD0000058,OLD0000058,Meera Das,B.Tech CSE,1,meera.das58@example.edu,7000000058,0,pending,Priya Nair,,,,,,Admission Confirmed,2026-06-02T10:03:52.875Z,OLD0000058
OLD0000059,29-02-2024,Riya Mehta,7000000059,riya.mehta59@example.edu,Jaipur,Rajasthan,B.Com,Referral,Rakesh Kumar,7000529658,HOT,Interested,18-03-2024,Medium,Clean,Asked for scholarship details,password123,,,,,,,,,,,,,,,OLD0000059,OLD0000059,Riya Mehta,B.Com,1,riya.mehta59@example.edu,7000000059,0,pending,Rakesh Kumar,,,,,,Interested,2026-06-02T10:03:52.875Z,OLD0000059
OLD0000060,01-03-2024,Aarav Yadav,7000000060,aarav.yadav60@example.edu,Delhi,Delhi,B.Tech CSE,Website,Neha Gupta,7000529659,NEW,New,20-03-2024,Low,Clean,Interested in fee structure,password123,,,,,,,,,,,,,,,OLD0000060,OLD0000060,Aarav Yadav,B.Tech CSE,1,aarav.yadav60@example.edu,7000000060,0,pending,Neha Gupta,,,,,,New,2026-06-02T10:03:52.875Z,OLD0000060
OLD0000061,02-03-2024,Vivaan Reddy,7000000061,vivaan.reddy61@example.edu,Kolkata,West Bengal,B.Com,WhatsApp,Rohit Verma,7000529660,LOST,Lost,22-03-2024,Urgent,Clean,Migration sample record,password123,,,,,,,,,,,,,,,OLD0000061,OLD0000061,Vivaan Reddy,B.Com,1,vivaan.reddy61@example.edu,7000000061,0,pending,Rohit Verma,,,,,,Lost,2026-06-02T10:03:52.875Z,OLD0000061
OLD0000062,03-03-2024,Aditya Singh,7000000062,aditya.singh62@example.edu,Bengaluru,Karnataka,B.Tech CSE,Phone Call,Kavita Mehta,7000529661,APP_STARTED,Application Started,24-03-2024,High,Clean,Call back requested,password123,,,,,,,,,,,,,,,OLD0000062,OLD0000062,Aditya Singh,B.Tech CSE,1,aditya.singh62@example.edu,7000000062,0,pending,Kavita Mehta,,,,,,Application Started,2026-06-02T10:03:52.875Z,OLD0000062
OLD0000063,04-03-2024,Vihaan Roy,7000000063,vihaan.roy63@example.edu,Jaipur,Rajasthan,B.Com,Education Fair,Amit Sharma,7000529662,CONTACTED,Contacted,05-03-2024,Medium,Clean,Documents pending,password123,,,,,,,,,,,,,,,OLD0000063,OLD0000063,Vihaan Roy,B.Com,1,vihaan.roy63@example.edu,7000000063,0,pending,Amit Sharma,,,,,,Contacted,2026-06-02T10:03:52.875Z,OLD0000063
OLD0000064,05-03-2024,Arjun Patel,7000000064,arjun.patel64@example.edu,Delhi,Delhi,B.Tech CSE,Walk-in,Anjali Singh,7000529663,NOT_INTERESTED,Lost,07-03-2024,Low,Clean,Considering other universities,password123,,,,,,,,,,,,,,,OLD0000064,OLD0000064,Arjun Patel,B.Tech CSE,1,arjun.patel64@example.edu,7000000064,0,pending,Anjali Singh,,,,,,Lost,2026-06-02T10:03:52.875Z,OLD0000064
OLD0000065,06-03-2024,Sai Mishra,7000000065,sai.mishra65@example.edu,Kolkata,West Bengal,B.Com,Instagram,Sourav Das,7000529664,DOCUMENT_PENDING,Application Started,09-03-2024,Urgent,Clean,Asked for hostel details,password123,,,,,,,,,,,,,,,OLD0000065,OLD0000065,Sai Mishra,B.Com,1,sai.mishra65@example.edu,7000000065,0,pending,Sourav Das,,,,,,Application Started,2026-06-02T10:03:52.875Z,OLD0000065
OLD0000066,07-03-2024,Reyansh Dutta,7000000066,reyansh.dutta66@example.edu,Bengaluru,Karnataka,B.Tech CSE,Facebook,Priya Nair,7000529665,WARM,Interested,11-03-2024,High,Clean,Requested campus visit,password123,,,,,,,,,,,,,,,OLD0000066,OLD0000066,Reyansh Dutta,B.Tech CSE,1,reyansh.dutta66@example.edu,7000000066,0,pending,Priya Nair,,,,,,Interested,2026-06-02T10:03:52.875Z,OLD0000066
OLD0000067,08-03-2024,Ayaan Verma,7000000067,ayaan.verma67@example.edu,Jaipur,Rajasthan,B.Com,LinkedIn,Rakesh Kumar,7000529666,DUPLICATE,Duplicate,13-03-2024,Medium,Clean,Follow-up after entrance result,password123,,,,,,,,,,,,,,,OLD0000067,OLD0000067,Ayaan Verma,B.Com,1,ayaan.verma67@example.edu,7000000067,0,pending,Rakesh Kumar,,,,,,Duplicate,2026-06-02T10:03:52.875Z,OLD0000067
OLD0000068,09-03-2024,Krishna Jain,7000000068,krishna.jain68@example.edu,Delhi,Delhi,B.Tech CSE,School Visit,Neha Gupta,7000529667,ADMITTED,Admission Confirmed,15-03-2024,Low,Clean,Needs parent discussion,password123,,,,,,,,,,,,,,,OLD0000068,OLD0000068,Krishna Jain,B.Tech CSE,1,krishna.jain68@example.edu,7000000068,0,pending,Neha Gupta,,,,,,Admission Confirmed,2026-06-02T10:03:52.875Z,OLD0000068
OLD0000069,10-03-2024,Ishaan Khan,7000000069,ishaan.khan69@example.edu,Kolkata,West Bengal,B.Com,Referral,Rohit Verma,7000529668,HOT,Interested,17-03-2024,Urgent,Clean,Asked for scholarship details,password123,,,,,,,,,,,,,,,OLD0000069,OLD0000069,Ishaan Khan,B.Com,1,ishaan.khan69@example.edu,7000000069,0,pending,Rohit Verma,,,,,,Interested,2026-06-02T10:03:52.875Z,OLD0000069
OLD0000070,11-03-2024,Anika Kumar,7000000070,anika.kumar70@example.edu,Bengaluru,Karnataka,B.Tech CSE,Website,Kavita Mehta,7000529669,NEW,New,19-03-2024,High,Clean,Interested in fee structure,password123,,,,,,,,,,,,,,,OLD0000070,OLD0000070,Anika Kumar,B.Tech CSE,1,anika.kumar70@example.edu,7000000070,0,pending,Kavita Mehta,,,,,,New,2026-06-02T10:03:52.875Z,OLD0000070
OLD0000071,12-03-2024,Aadhya Sen,7000000071,aadhya.sen71@example.edu,Jaipur,Rajasthan,B.Com,WhatsApp,Amit Sharma,7000529670,LOST,Lost,21-03-2024,Medium,Clean,Migration sample record,password123,,,,,,,,,,,,,,,OLD0000071,OLD0000071,Aadhya Sen,B.Com,1,aadhya.sen71@example.edu,7000000071,0,pending,Amit Sharma,,,,,,Lost,2026-06-02T10:03:52.875Z,OLD0000071
OLD0000072,13-03-2024,Diya Sharma,7000000072,diya.sharma72@example.edu,Delhi,Delhi,B.Tech CSE,Phone Call,Anjali Singh,7000529671,APP_STARTED,Application Started,23-03-2024,Low,Clean,Call back requested,password123,,,,,,,,,,,,,,,OLD0000072,OLD0000072,Diya Sharma,B.Tech CSE,1,diya.sharma72@example.edu,7000000072,0,pending,Anjali Singh,,,,,,Application Started,2026-06-02T10:03:52.875Z,OLD0000072
OLD0000073,14-03-2024,Myra Agarwal,7000000073,myra.agarwal73@example.edu,Kolkata,West Bengal,B.Com,Education Fair,Sourav Das,7000529672,CONTACTED,Contacted,25-03-2024,Urgent,Clean,Documents pending,password123,,,,,,,,,,,,,,,OLD0000073,OLD0000073,Myra Agarwal,B.Com,1,myra.agarwal73@example.edu,7000000073,0,pending,Sourav Das,,,,,,Contacted,2026-06-02T10:03:52.875Z,OLD0000073
OLD0000074,15-03-2024,Ananya Nair,7000000074,ananya.nair74@example.edu,Bengaluru,Karnataka,B.Tech CSE,Walk-in,Priya Nair,7000529673,NOT_INTERESTED,Lost,27-03-2024,High,Clean,Considering other universities,password123,,,,,,,,,,,,,,,OLD0000074,OLD0000074,Ananya Nair,B.Tech CSE,1,ananya.nair74@example.edu,7000000074,0,pending,Priya Nair,,,,,,Lost,2026-06-02T10:03:52.875Z,OLD0000074
OLD0000075,16-03-2024,Ira Gupta,7000000075,ira.gupta75@example.edu,Jaipur,Rajasthan,B.Com,Instagram,Rakesh Kumar,7000529674,DOCUMENT_PENDING,Application Started,29-03-2024,Medium,Clean,Asked for hostel details,password123,,,,,,,,,,,,,,,OLD0000075,OLD0000075,Ira Gupta,B.Com,1,ira.gupta75@example.edu,7000000075,0,pending,Rakesh Kumar,,,,,,Application Started,2026-06-02T10:03:52.875Z,OLD0000075
OLD0000076,17-03-2024,Kiara Das,7000000076,kiara.das76@example.edu,Delhi,Delhi,B.Tech CSE,Facebook,Neha Gupta,7000529675,WARM,Interested,31-03-2024,Low,Clean,Requested campus visit,password123,,,,,,,,,,,,,,,OLD0000076,OLD0000076,Kiara Das,B.Tech CSE,1,kiara.das76@example.edu,7000000076,0,pending,Neha Gupta,,,,,,Interested,2026-06-02T10:03:52.876Z,OLD0000076
OLD0000077,18-03-2024,Sara Mehta,7000000077,sara.mehta77@example.edu,Kolkata,West Bengal,B.Com,LinkedIn,Rohit Verma,7000529676,DUPLICATE,Duplicate,02-04-2024,Urgent,Clean,Follow-up after entrance result,password123,,,,,,,,,,,,,,,OLD0000077,OLD0000077,Sara Mehta,B.Com,1,sara.mehta77@example.edu,7000000077,0,pending,Rohit Verma,,,,,,Duplicate,2026-06-02T10:03:52.876Z,OLD0000077
OLD0000078,19-03-2024,Meera Yadav,7000000078,meera.yadav78@example.edu,Bengaluru,Karnataka,B.Tech CSE,School Visit,Kavita Mehta,7000529677,ADMITTED,Admission Confirmed,04-04-2024,High,Clean,Needs parent discussion,password123,,,,,,,,,,,,,,,OLD0000078,OLD0000078,Meera Yadav,B.Tech CSE,1,meera.yadav78@example.edu,7000000078,0,pending,Kavita Mehta,,,,,,Admission Confirmed,2026-06-02T10:03:52.876Z,OLD0000078
OLD0000079,20-03-2024,Riya Reddy,7000000079,riya.reddy79@example.edu,Jaipur,Rajasthan,B.Com,Referral,Amit Sharma,7000529678,HOT,Interested,06-04-2024,Medium,Clean,Asked for scholarship details,password123,,,,,,,,,,,,,,,OLD0000079,OLD0000079,Riya Reddy,B.Com,1,riya.reddy79@example.edu,7000000079,0,pending,Amit Sharma,,,,,,Interested,2026-06-02T10:03:52.876Z,OLD0000079
OLD0000080,21-03-2024,Aarav Singh,7000000080,aarav.singh80@example.edu,Delhi,Delhi,B.Tech CSE,Website,Anjali Singh,7000529679,NEW,New,08-04-2024,Low,Clean,Interested in fee structure,password123,,,,,,,,,,,,,,,OLD0000080,OLD0000080,Aarav Singh,B.Tech CSE,1,aarav.singh80@example.edu,7000000080,0,pending,Anjali Singh,,,,,,New,2026-06-02T10:03:52.876Z,OLD0000080
OLD0000081,22-03-2024,Vivaan Roy,7000000081,vivaan.roy81@example.edu,Kolkata,West Bengal,B.Com,WhatsApp,Sourav Das,7000529680,LOST,Lost,10-04-2024,Urgent,Clean,Migration sample record,password123,,,,,,,,,,,,,,,OLD0000081,OLD0000081,Vivaan Roy,B.Com,1,vivaan.roy81@example.edu,7000000081,0,pending,Sourav Das,,,,,,Lost,2026-06-02T10:03:52.876Z,OLD0000081
OLD0000082,23-03-2024,Aditya Patel,7000000082,aditya.patel82@example.edu,Bengaluru,Karnataka,B.Tech CSE,Phone Call,Priya Nair,7000529681,APP_STARTED,Application Started,12-04-2024,High,Clean,Call back requested,password123,,,,,,,,,,,,,,,OLD0000082,OLD0000082,Aditya Patel,B.Tech CSE,1,aditya.patel82@example.edu,7000000082,0,pending,Priya Nair,,,,,,Application Started,2026-06-02T10:03:52.876Z,OLD0000082
OLD0000083,24-03-2024,Vihaan Mishra,7000000083,vihaan.mishra83@example.edu,Jaipur,Rajasthan,B.Com,Education Fair,Rakesh Kumar,7000529682,CONTACTED,Contacted,14-04-2024,Medium,Clean,Documents pending,password123,,,,,,,,,,,,,,,OLD0000083,OLD0000083,Vihaan Mishra,B.Com,1,vihaan.mishra83@example.edu,7000000083,0,pending,Rakesh Kumar,,,,,,Contacted,2026-06-02T10:03:52.876Z,OLD0000083
OLD0000084,25-03-2024,Arjun Dutta,7000000084,arjun.dutta84@example.edu,Delhi,Delhi,B.Tech CSE,Walk-in,Neha Gupta,7000529683,NOT_INTERESTED,Lost,26-03-2024,Low,Clean,Considering other universities,password123,,,,,,,,,,,,,,,OLD0000084,OLD0000084,Arjun Dutta,B.Tech CSE,1,arjun.dutta84@example.edu,7000000084,0,pending,Neha Gupta,,,,,,Lost,2026-06-02T10:03:52.876Z,OLD0000084
OLD0000085,26-03-2024,Sai Verma,7000000085,sai.verma85@example.edu,Kolkata,West Bengal,B.Com,Instagram,Rohit Verma,7000529684,DOCUMENT_PENDING,Application Started,28-03-2024,Urgent,Clean,Asked for hostel details,password123,,,,,,,,,,,,,,,OLD0000085,OLD0000085,Sai Verma,B.Com,1,sai.verma85@example.edu,7000000085,0,pending,Rohit Verma,,,,,,Application Started,2026-06-02T10:03:52.876Z,OLD0000085
OLD0000086,27-03-2024,Reyansh Jain,7000000086,reyansh.jain86@example.edu,Bengaluru,Karnataka,B.Tech CSE,Facebook,Kavita Mehta,7000529685,WARM,Interested,30-03-2024,High,Clean,Requested campus visit,password123,,,,,,,,,,,,,,,OLD0000086,OLD0000086,Reyansh Jain,B.Tech CSE,1,reyansh.jain86@example.edu,7000000086,0,pending,Kavita Mehta,,,,,,Interested,2026-06-02T10:03:52.876Z,OLD0000086
OLD0000087,28-03-2024,Ayaan Khan,7000000087,ayaan.khan87@example.edu,Jaipur,Rajasthan,B.Com,LinkedIn,Amit Sharma,7000529686,DUPLICATE,Duplicate,01-04-2024,Medium,Clean,Follow-up after entrance result,password123,,,,,,,,,,,,,,,OLD0000087,OLD0000087,Ayaan Khan,B.Com,1,ayaan.khan87@example.edu,7000000087,0,pending,Amit Sharma,,,,,,Duplicate,2026-06-02T10:03:52.876Z,OLD0000087
OLD0000088,29-03-2024,Krishna Kumar,7000000088,krishna.kumar88@example.edu,Delhi,Delhi,B.Tech CSE,School Visit,Anjali Singh,7000529687,ADMITTED,Admission Confirmed,03-04-2024,Low,Clean,Needs parent discussion,password123,,,,,,,,,,,,,,,OLD0000088,OLD0000088,Krishna Kumar,B.Tech CSE,1,krishna.kumar88@example.edu,7000000088,0,pending,Anjali Singh,,,,,,Admission Confirmed,2026-06-02T10:03:52.876Z,OLD0000088
OLD0000089,30-03-2024,Ishaan Sen,7000000089,ishaan.sen89@example.edu,Kolkata,West Bengal,B.Com,Referral,Sourav Das,7000529688,HOT,Interested,05-04-2024,Urgent,Clean,Asked for scholarship details,password123,,,,,,,,,,,,,,,OLD0000089,OLD0000089,Ishaan Sen,B.Com,1,ishaan.sen89@example.edu,7000000089,0,pending,Sourav Das,,,,,,Interested,2026-06-02T10:03:52.876Z,OLD0000089
OLD0000090,31-03-2024,Anika Sharma,7000000090,anika.sharma90@example.edu,Bengaluru,Karnataka,B.Tech CSE,Website,Priya Nair,7000529689,NEW,New,07-04-2024,High,Clean,Interested in fee structure,password123,,,,,,,,,,,,,,,OLD0000090,OLD0000090,Anika Sharma,B.Tech CSE,1,anika.sharma90@example.edu,7000000090,0,pending,Priya Nair,,,,,,New,2026-06-02T10:03:52.876Z,OLD0000090
OLD0000091,01-04-2024,Aadhya Agarwal,7000000091,aadhya.agarwal91@example.edu,Jaipur,Rajasthan,B.Com,WhatsApp,Rakesh Kumar,7000529690,LOST,Lost,09-04-2024,Medium,Clean,Migration sample record,password123,,,,,,,,,,,,,,,OLD0000091,OLD0000091,Aadhya Agarwal,B.Com,1,aadhya.agarwal91@example.edu,7000000091,0,pending,Rakesh Kumar,,,,,,Lost,2026-06-02T10:03:52.876Z,OLD0000091
OLD0000092,02-04-2024,Diya Nair,7000000092,diya.nair92@example.edu,Delhi,Delhi,B.Tech CSE,Phone Call,Neha Gupta,7000529691,APP_STARTED,Application Started,11-04-2024,Low,Clean,Call back requested,password123,,,,,,,,,,,,,,,OLD0000092,OLD0000092,Diya Nair,B.Tech CSE,1,diya.nair92@example.edu,7000000092,0,pending,Neha Gupta,,,,,,Application Started,2026-06-02T10:03:52.876Z,OLD0000092
OLD0000093,03-04-2024,Myra Gupta,7000000093,myra.gupta93@example.edu,Kolkata,West Bengal,B.Com,Education Fair,Rohit Verma,7000529692,CONTACTED,Contacted,13-04-2024,Urgent,Clean,Documents pending,password123,,,,,,,,,,,,,,,OLD0000093,OLD0000093,Myra Gupta,B.Com,1,myra.gupta93@example.edu,7000000093,0,pending,Rohit Verma,,,,,,Contacted,2026-06-02T10:03:52.876Z,OLD0000093
OLD0000094,04-04-2024,Ananya Das,7000000094,ananya.das94@example.edu,Bengaluru,Karnataka,B.Tech CSE,Walk-in,Kavita Mehta,7000529693,NOT_INTERESTED,Lost,15-04-2024,High,Clean,Considering other universities,password123,,,,,,,,,,,,,,,OLD0000094,OLD0000094,Ananya Das,B.Tech CSE,1,ananya.das94@example.edu,7000000094,0,pending,Kavita Mehta,,,,,,Lost,2026-06-02T10:03:52.876Z,OLD0000094
OLD0000095,05-04-2024,Ira Mehta,7000000095,ira.mehta95@example.edu,Jaipur,Rajasthan,B.Com,Instagram,Amit Sharma,7000529694,DOCUMENT_PENDING,Application Started,17-04-2024,Medium,Clean,Asked for hostel details,password123,,,,,,,,,,,,,,,OLD0000095,OLD0000095,Ira Mehta,B.Com,1,ira.mehta95@example.edu,7000000095,0,pending,Amit Sharma,,,,,,Application Started,2026-06-02T10:03:52.876Z,OLD0000095
OLD0000096,06-04-2024,Kiara Yadav,7000000096,kiara.yadav96@example.edu,Delhi,Delhi,B.Tech CSE,Facebook,Anjali Singh,7000529695,WARM,Interested,19-04-2024,Low,Clean,Requested campus visit,password123,,,,,,,,,,,,,,,OLD0000096,OLD0000096,Kiara Yadav,B.Tech CSE,1,kiara.yadav96@example.edu,7000000096,0,pending,Anjali Singh,,,,,,Interested,2026-06-02T10:03:52.876Z,OLD0000096
OLD0000097,07-04-2024,Sara Reddy,7000000097,sara.reddy97@example.edu,Kolkata,West Bengal,B.Com,LinkedIn,Sourav Das,7000529696,DUPLICATE,Duplicate,21-04-2024,Urgent,Clean,Follow-up after entrance result,password123,,,,,,,,,,,,,,,OLD0000097,OLD0000097,Sara Reddy,B.Com,1,sara.reddy97@example.edu,7000000097,0,pending,Sourav Das,,,,,,Duplicate,2026-06-02T10:03:52.876Z,OLD0000097
OLD0000098,08-04-2024,Meera Singh,7000000098,meera.singh98@example.edu,Bengaluru,Karnataka,B.Tech CSE,School Visit,Priya Nair,7000529697,ADMITTED,Admission Confirmed,23-04-2024,High,Clean,Needs parent discussion,password123,,,,,,,,,,,,,,,OLD0000098,OLD0000098,Meera Singh,B.Tech CSE,1,meera.singh98@example.edu,7000000098,0,pending,Priya Nair,,,,,,Admission Confirmed,2026-06-02T10:03:52.876Z,OLD0000098
OLD0000099,09-04-2024,Riya Roy,7000000099,riya.roy99@example.edu,Jaipur,Rajasthan,B.Com,Referral,Rakesh Kumar,7000529698,HOT,Interested,25-04-2024,Medium,Clean,Asked for scholarship details,password123,,,,,,,,,,,,,,,OLD0000099,OLD0000099,Riya Roy,B.Com,1,riya.roy99@example.edu,7000000099,0,pending,Rakesh Kumar,,,,,,Interested,2026-06-02T10:03:52.876Z,OLD0000099
